﻿Semana Epidemiológica,Qtd Pacientes,Síndrome
Sem. 1 (01/jan a 04/jan),9,SINDROME GRIPAL
Sem. 1 (01/jan a 04/jan),138,DOENÇAS RESPIRATÓRIAS
Sem. 2 (05/jan a 11/jan),9,SINDROME GRIPAL
Sem. 2 (05/jan a 11/jan),438,DOENÇAS RESPIRATÓRIAS
Sem. 3 (12/jan a 18/jan),1,SINDROME GRIPAL
Sem. 3 (12/jan a 18/jan),427,DOENÇAS RESPIRATÓRIAS
Sem. 4 (19/jan a 25/jan),9,SINDROME GRIPAL
Sem. 4 (19/jan a 25/jan),474,DOENÇAS RESPIRATÓRIAS
Sem. 5 (26/jan a 01/fev),9,SINDROME GRIPAL
Sem. 5 (26/jan a 01/fev),497,DOENÇAS RESPIRATÓRIAS
Sem. 6 (02/fev a 08/fev),10,SINDROME GRIPAL
Sem. 6 (02/fev a 08/fev),477,DOENÇAS RESPIRATÓRIAS
Sem. 7 (09/fev a 15/fev),15,SINDROME GRIPAL
Sem. 7 (09/fev a 15/fev),545,DOENÇAS RESPIRATÓRIAS
Sem. 8 (16/fev a 22/fev),22,SINDROME GRIPAL
Sem. 8 (16/fev a 22/fev),584,DOENÇAS RESPIRATÓRIAS
Sem. 9 (23/fev a 29/fev),14,SINDROME GRIPAL
Sem. 9 (23/fev a 29/fev),328,DOENÇAS RESPIRATÓRIAS
Sem. 10 (01/mar a 07/mar),39,SINDROME GRIPAL
Sem. 10 (01/mar a 07/mar),797,DOENÇAS RESPIRATÓRIAS
Sem. 11 (08/mar a 14/mar),68,SINDROME GRIPAL
Sem. 11 (08/mar a 14/mar),1081,DOENÇAS RESPIRATÓRIAS
Sem. 12 (15/mar a 21/mar),1744,SINDROME GRIPAL
Sem. 12 (15/mar a 21/mar),1556,DOENÇAS RESPIRATÓRIAS
Sem. 13 (22/mar a 28/mar),1596,SINDROME GRIPAL
Sem. 13 (22/mar a 28/mar),1172,DOENÇAS RESPIRATÓRIAS
Sem. 14 (29/mar a 04/abr),642,SINDROME GRIPAL
Sem. 14 (29/mar a 04/abr),910,DOENÇAS RESPIRATÓRIAS
Sem. 15 (05/abr a 11/abr),422,SINDROME GRIPAL
Sem. 15 (05/abr a 11/abr),654,DOENÇAS RESPIRATÓRIAS
Sem. 16 (12/abr a 18/abr),426,SINDROME GRIPAL
Sem. 16 (12/abr a 18/abr),769,DOENÇAS RESPIRATÓRIAS
Sem. 17 (19/abr a 25/abr),263,SINDROME GRIPAL
Sem. 17 (19/abr a 25/abr),665,DOENÇAS RESPIRATÓRIAS
Sem. 18 (26/abr a 02/mai),238,SINDROME GRIPAL
Sem. 18 (26/abr a 02/mai),532,DOENÇAS RESPIRATÓRIAS
Sem. 19 (03/mai a 09/mai),257,SINDROME GRIPAL
Sem. 19 (03/mai a 09/mai),765,DOENÇAS RESPIRATÓRIAS
Sem. 20 (10/mai a 16/mai),335,SINDROME GRIPAL
Sem. 20 (10/mai a 16/mai),680,DOENÇAS RESPIRATÓRIAS
Sem. 21 (17/mai a 23/mai),365,SINDROME GRIPAL
Sem. 21 (17/mai a 23/mai),781,DOENÇAS RESPIRATÓRIAS
Sem. 22 (24/mai a 30/mai),359,SINDROME GRIPAL
Sem. 22 (24/mai a 30/mai),743,DOENÇAS RESPIRATÓRIAS
Sem. 23 (31/mai a 06/jun),411,SINDROME GRIPAL
Sem. 23 (31/mai a 06/jun),713,DOENÇAS RESPIRATÓRIAS
Sem. 24 (07/jun a 13/jun),393,SINDROME GRIPAL
Sem. 24 (07/jun a 13/jun),615,DOENÇAS RESPIRATÓRIAS
Sem. 25 (14/jun a 20/jun),687,SINDROME GRIPAL
Sem. 25 (14/jun a 20/jun),879,DOENÇAS RESPIRATÓRIAS
Sem. 26 (21/jun a 27/jun),850,SINDROME GRIPAL
Sem. 26 (21/jun a 27/jun),898,DOENÇAS RESPIRATÓRIAS
Sem. 27 (28/jun a 04/jul),410,SINDROME GRIPAL
Sem. 27 (28/jun a 04/jul),300,DOENÇAS RESPIRATÓRIAS
