﻿Mês,Qtd Pacientes,Síndrome
jan/18,41,SINDROME GRIPAL
jan/18,2120,DOENÇAS RESPIRATÓRIAS
fev/18,36,SINDROME GRIPAL
fev/18,1676,DOENÇAS RESPIRATÓRIAS
mar/18,88,SINDROME GRIPAL
mar/18,3197,DOENÇAS RESPIRATÓRIAS
abr/18,115,SINDROME GRIPAL
abr/18,3772,DOENÇAS RESPIRATÓRIAS
mai/18,185,SINDROME GRIPAL
mai/18,4481,DOENÇAS RESPIRATÓRIAS
jun/18,289,SINDROME GRIPAL
jun/18,5110,DOENÇAS RESPIRATÓRIAS
jul/18,435,SINDROME GRIPAL
jul/18,5854,DOENÇAS RESPIRATÓRIAS
ago/18,280,SINDROME GRIPAL
ago/18,5569,DOENÇAS RESPIRATÓRIAS
set/18,137,SINDROME GRIPAL
set/18,3933,DOENÇAS RESPIRATÓRIAS
out/18,139,SINDROME GRIPAL
out/18,4783,DOENÇAS RESPIRATÓRIAS
nov/18,108,SINDROME GRIPAL
nov/18,3219,DOENÇAS RESPIRATÓRIAS
dez/18,79,SINDROME GRIPAL
dez/18,2567,DOENÇAS RESPIRATÓRIAS
jan/19,53,SINDROME GRIPAL
jan/19,2004,DOENÇAS RESPIRATÓRIAS
fev/19,47,SINDROME GRIPAL
fev/19,2097,DOENÇAS RESPIRATÓRIAS
mar/19,111,SINDROME GRIPAL
mar/19,3045,DOENÇAS RESPIRATÓRIAS
abr/19,149,SINDROME GRIPAL
abr/19,4101,DOENÇAS RESPIRATÓRIAS
mai/19,257,SINDROME GRIPAL
mai/19,4615,DOENÇAS RESPIRATÓRIAS
jun/19,231,SINDROME GRIPAL
jun/19,4528,DOENÇAS RESPIRATÓRIAS
jul/19,305,SINDROME GRIPAL
jul/19,5914,DOENÇAS RESPIRATÓRIAS
ago/19,205,SINDROME GRIPAL
ago/19,5114,DOENÇAS RESPIRATÓRIAS
set/19,163,SINDROME GRIPAL
set/19,3943,DOENÇAS RESPIRATÓRIAS
out/19,117,SINDROME GRIPAL
out/19,3902,DOENÇAS RESPIRATÓRIAS
nov/19,99,SINDROME GRIPAL
nov/19,2975,DOENÇAS RESPIRATÓRIAS
dez/19,66,SINDROME GRIPAL
dez/19,2506,DOENÇAS RESPIRATÓRIAS
jan/20,36,SINDROME GRIPAL
jan/20,1895,DOENÇAS RESPIRATÓRIAS
fev/20,58,SINDROME GRIPAL
fev/20,1879,DOENÇAS RESPIRATÓRIAS
mar/20,3713,SINDROME GRIPAL
mar/20,4854,DOENÇAS RESPIRATÓRIAS
abr/20,1543,SINDROME GRIPAL
abr/20,2951,DOENÇAS RESPIRATÓRIAS
mai/20,1199,SINDROME GRIPAL
mai/20,2824,DOENÇAS RESPIRATÓRIAS
jun/20,2474,SINDROME GRIPAL
jun/20,3272,DOENÇAS RESPIRATÓRIAS
