﻿Semana Epidemiológica,Síndrome,nro_pacientes
Sem. 1 (01/jan a 04/jan),DOENÇAS RESPIRATÓRIAS,304
Sem. 2 (05/jan a 11/jan),SINDROME GRIPAL,6
Sem. 2 (05/jan a 11/jan),DOENÇAS RESPIRATÓRIAS,444
Sem. 3 (12/jan a 18/jan),SINDROME GRIPAL,7
Sem. 3 (12/jan a 18/jan),DOENÇAS RESPIRATÓRIAS,376
Sem. 4 (19/jan a 25/jan),SINDROME GRIPAL,2
Sem. 4 (19/jan a 25/jan),DOENÇAS RESPIRATÓRIAS,435
Sem. 5 (26/jan a 01/fev),SINDROME GRIPAL,10
Sem. 5 (26/jan a 01/fev),DOENÇAS RESPIRATÓRIAS,397
Sem. 6 (02/fev a 08/fev),SINDROME GRIPAL,8
Sem. 6 (02/fev a 08/fev),DOENÇAS RESPIRATÓRIAS,385
Sem. 7 (09/fev a 15/fev),DOENÇAS RESPIRATÓRIAS,388
Sem. 8 (16/fev a 22/fev),SINDROME GRIPAL,8
Sem. 8 (16/fev a 22/fev),DOENÇAS RESPIRATÓRIAS,459
Sem. 9 (23/fev a 29/fev),SINDROME GRIPAL,10
Sem. 9 (23/fev a 29/fev),DOENÇAS RESPIRATÓRIAS,550
Sem. 10 (01/mar a 07/mar),SINDROME GRIPAL,4
Sem. 10 (01/mar a 07/mar),DOENÇAS RESPIRATÓRIAS,604
Sem. 11 (08/mar a 14/mar),SINDROME GRIPAL,16
Sem. 11 (08/mar a 14/mar),DOENÇAS RESPIRATÓRIAS,733
Sem. 12 (15/mar a 21/mar),SINDROME GRIPAL,317
Sem. 12 (15/mar a 21/mar),DOENÇAS RESPIRATÓRIAS,558
Sem. 13 (22/mar a 28/mar),SINDROME GRIPAL,831
Sem. 13 (22/mar a 28/mar),DOENÇAS RESPIRATÓRIAS,292
Sem. 14 (29/mar a 04/abr),SINDROME GRIPAL,474
Sem. 14 (29/mar a 04/abr),DOENÇAS RESPIRATÓRIAS,204
Sem. 15 (05/abr a 11/abr),SINDROME GRIPAL,321
Sem. 15 (05/abr a 11/abr),DOENÇAS RESPIRATÓRIAS,206
Sem. 16 (12/abr a 18/abr),SINDROME GRIPAL,217
Sem. 16 (12/abr a 18/abr),DOENÇAS RESPIRATÓRIAS,210
Sem. 17 (19/abr a 25/abr),SINDROME GRIPAL,139
Sem. 17 (19/abr a 25/abr),DOENÇAS RESPIRATÓRIAS,249
Sem. 18 (26/abr a 02/mai),SINDROME GRIPAL,104
Sem. 18 (26/abr a 02/mai),DOENÇAS RESPIRATÓRIAS,236
Sem. 19 (03/mai a 09/mai),SINDROME GRIPAL,170
Sem. 19 (03/mai a 09/mai),DOENÇAS RESPIRATÓRIAS,189
Sem. 20 (10/mai a 16/mai),SINDROME GRIPAL,158
Sem. 20 (10/mai a 16/mai),DOENÇAS RESPIRATÓRIAS,203
Sem. 21 (17/mai a 23/mai),SINDROME GRIPAL,225
Sem. 21 (17/mai a 23/mai),DOENÇAS RESPIRATÓRIAS,208
Sem. 22 (24/mai a 30/mai),SINDROME GRIPAL,197
Sem. 22 (24/mai a 30/mai),DOENÇAS RESPIRATÓRIAS,194
Sem. 23 (31/mai a 06/jun),SINDROME GRIPAL,212
Sem. 23 (31/mai a 06/jun),DOENÇAS RESPIRATÓRIAS,230
Sem. 24 (07/jun a 13/jun),SINDROME GRIPAL,285
Sem. 24 (07/jun a 13/jun),DOENÇAS RESPIRATÓRIAS,271
Sem. 25 (14/jun a 20/jun),SINDROME GRIPAL,380
Sem. 25 (14/jun a 20/jun),DOENÇAS RESPIRATÓRIAS,257
Sem. 26 (21/jun a 27/jun),SINDROME GRIPAL,435
Sem. 26 (21/jun a 27/jun),DOENÇAS RESPIRATÓRIAS,276
Sem. 27 (28/jun a 04/jul),SINDROME GRIPAL,124
Sem. 27 (28/jun a 04/jul),DOENÇAS RESPIRATÓRIAS,59
