﻿Mês,Síndrome,nro_pacientes
jan/18,SINDROME GRIPAL,24
jan/18,DOENÇAS RESPIRATÓRIAS,1700
fev/18,SINDROME GRIPAL,21
fev/18,DOENÇAS RESPIRATÓRIAS,1355
mar/18,SINDROME GRIPAL,26
mar/18,DOENÇAS RESPIRATÓRIAS,2328
abr/18,SINDROME GRIPAL,34
abr/18,DOENÇAS RESPIRATÓRIAS,2782
mai/18,SINDROME GRIPAL,32
mai/18,DOENÇAS RESPIRATÓRIAS,3228
jun/18,SINDROME GRIPAL,129
jun/18,DOENÇAS RESPIRATÓRIAS,4189
jul/18,SINDROME GRIPAL,261
jul/18,DOENÇAS RESPIRATÓRIAS,4649
ago/18,SINDROME GRIPAL,121
ago/18,DOENÇAS RESPIRATÓRIAS,3268
set/18,SINDROME GRIPAL,83
set/18,DOENÇAS RESPIRATÓRIAS,2558
out/18,SINDROME GRIPAL,55
out/18,DOENÇAS RESPIRATÓRIAS,2657
nov/18,SINDROME GRIPAL,47
nov/18,DOENÇAS RESPIRATÓRIAS,2078
dez/18,SINDROME GRIPAL,19
dez/18,DOENÇAS RESPIRATÓRIAS,1821
jan/19,SINDROME GRIPAL,15
jan/19,DOENÇAS RESPIRATÓRIAS,1391
fev/19,SINDROME GRIPAL,23
fev/19,DOENÇAS RESPIRATÓRIAS,1466
mar/19,SINDROME GRIPAL,66
mar/19,DOENÇAS RESPIRATÓRIAS,2223
abr/19,SINDROME GRIPAL,44
abr/19,DOENÇAS RESPIRATÓRIAS,2666
mai/19,SINDROME GRIPAL,63
mai/19,DOENÇAS RESPIRATÓRIAS,3433
jun/19,SINDROME GRIPAL,83
jun/19,DOENÇAS RESPIRATÓRIAS,3714
jul/19,SINDROME GRIPAL,84
jul/19,DOENÇAS RESPIRATÓRIAS,3687
ago/19,SINDROME GRIPAL,71
ago/19,DOENÇAS RESPIRATÓRIAS,3963
set/19,SINDROME GRIPAL,52
set/19,DOENÇAS RESPIRATÓRIAS,3989
out/19,SINDROME GRIPAL,47
out/19,DOENÇAS RESPIRATÓRIAS,3561
nov/19,SINDROME GRIPAL,58
nov/19,DOENÇAS RESPIRATÓRIAS,3059
dez/19,SINDROME GRIPAL,35
dez/19,DOENÇAS RESPIRATÓRIAS,2627
jan/20,SINDROME GRIPAL,23
jan/20,DOENÇAS RESPIRATÓRIAS,1817
fev/20,SINDROME GRIPAL,28
fev/20,DOENÇAS RESPIRATÓRIAS,1783
mar/20,SINDROME GRIPAL,1394
mar/20,DOENÇAS RESPIRATÓRIAS,2237
abr/20,SINDROME GRIPAL,960
abr/20,DOENÇAS RESPIRATÓRIAS,902
mai/20,SINDROME GRIPAL,776
mai/20,DOENÇAS RESPIRATÓRIAS,864
jun/20,SINDROME GRIPAL,1365
jun/20,DOENÇAS RESPIRATÓRIAS,1048
